{
    "user": [
        {
            "username": "Kenny",
            "tracklist": [
                "assets/music/proto1.mp3",
                "assets/music/proto2.mp3"
            ]
        },
        {
            "username": "Jonathan",
            "tracklist": [
                "assets/music/proto1.mp3",
                "assets/music/proto2.mp3"
            ]
        },
        {
            "username": "TheRealTom",
            "tracklist": [
                "assets/music/proto1.mp3",
                "assets/music/proto2.mp3"
            ]
        },
        {
            "username": "DomToreto",
            "tracklist": [
                "assets/music/proto1.mp3",
                "assets/music/proto2.mp3"
            ]
        },
        {
            "username": "Bam",
            "tracklist": [
                "assets/music/proto1.mp3",
                "assets/music/proto2.mp3"
            ]
        },
        {
            "username": "LOL123",
            "tracklist": [
                "assets/music/proto1.mp3",
                "assets/music/proto2.mp3"
            ]
        }
    ]
}